{
    "args": {
        "address": {},
        "assert_contracts": [],
        "build_only": false,
        "cache": null,
        "check_args": false,
        "cloud": null,
        "coinbaseMode": false,
        "contracts": [
            "MockBoringMath"
        ],
        "debug": false,
        "delay_fetch_output_seconds": null,
        "disableLocalTypeChecking": false,
        "env": "production",
        "file_paths": [
            "contracts/mocks/MockBoringMath.sol"
        ],
        "file_to_contract": {
            "contracts/mocks/MockBoringMath.sol": "MockBoringMath"
        },
        "files": [
            "contracts/mocks/MockBoringMath.sol"
        ],
        "internal_funcs": null,
        "jar": null,
        "java_args": null,
        "key": "6d7bc7ff9fcc209704aed0d26499ae7ba400e848",
        "link": null,
        "local": false,
        "log_query_frequency_seconds": null,
        "loop_iter": null,
        "max_attempts_to_fetch_output": null,
        "max_poll_minutes": null,
        "method": null,
        "mode": "Mode.VERIFY",
        "msg": null,
        "no_compare": false,
        "packages": [
            "@codechecks/client=C:\\Users\\Bart\\AppData\\Roaming\\npm\\node_modules/@codechecks/client",
            "@nomiclabs/hardhat-ethers=C:\\Users\\Bart\\AppData\\Roaming\\npm\\node_modules/@nomiclabs/hardhat-ethers",
            "@nomiclabs/hardhat-etherscan=C:\\Users\\Bart\\AppData\\Roaming\\npm\\node_modules/@nomiclabs/hardhat-etherscan",
            "@nomiclabs/hardhat-solhint=C:\\Users\\Bart\\AppData\\Roaming\\npm\\node_modules/@nomiclabs/hardhat-solhint",
            "@nomiclabs/hardhat-waffle=C:\\Users\\Bart\\AppData\\Roaming\\npm\\node_modules/@nomiclabs/hardhat-waffle",
            "@tenderly/hardhat-tenderly=C:\\Users\\Bart\\AppData\\Roaming\\npm\\node_modules/@tenderly/hardhat-tenderly",
            "chai=C:\\Users\\Bart\\AppData\\Roaming\\npm\\node_modules/chai",
            "coveralls=C:\\Users\\Bart\\AppData\\Roaming\\npm\\node_modules/coveralls",
            "cross-env=C:\\Users\\Bart\\AppData\\Roaming\\npm\\node_modules/cross-env",
            "dotenv=C:\\Users\\Bart\\AppData\\Roaming\\npm\\node_modules/dotenv",
            "ethereum-waffle=C:\\Users\\Bart\\AppData\\Roaming\\npm\\node_modules/ethereum-waffle",
            "ethereumjs-util=C:\\Users\\Bart\\AppData\\Roaming\\npm\\node_modules/ethereumjs-util",
            "ethers=C:\\Users\\Bart\\AppData\\Roaming\\npm\\node_modules/ethers",
            "hardhat-abi-exporter=C:\\Users\\Bart\\AppData\\Roaming\\npm\\node_modules/hardhat-abi-exporter",
            "hardhat-dependency-compiler=C:\\Users\\Bart\\AppData\\Roaming\\npm\\node_modules/hardhat-dependency-compiler",
            "hardhat-deploy-ethers=C:\\Users\\Bart\\AppData\\Roaming\\npm\\node_modules/hardhat-deploy-ethers",
            "hardhat-deploy=C:\\Users\\Bart\\AppData\\Roaming\\npm\\node_modules/hardhat-deploy",
            "hardhat-gas-reporter=C:\\Users\\Bart\\AppData\\Roaming\\npm\\node_modules/hardhat-gas-reporter",
            "hardhat-preprocessor=C:\\Users\\Bart\\AppData\\Roaming\\npm\\node_modules/hardhat-preprocessor",
            "hardhat-spdx-license-identifier=C:\\Users\\Bart\\AppData\\Roaming\\npm\\node_modules/hardhat-spdx-license-identifier",
            "hardhat-watcher=C:\\Users\\Bart\\AppData\\Roaming\\npm\\node_modules/hardhat-watcher",
            "hardhat=C:\\Users\\Bart\\AppData\\Roaming\\npm\\node_modules/hardhat",
            "husky=C:\\Users\\Bart\\AppData\\Roaming\\npm\\node_modules/husky",
            "mocha=C:\\Users\\Bart\\AppData\\Roaming\\npm\\node_modules/mocha",
            "prettier-plugin-solidity=C:\\Users\\Bart\\AppData\\Roaming\\npm\\node_modules/prettier-plugin-solidity",
            "prettier=C:\\Users\\Bart\\AppData\\Roaming\\npm\\node_modules/prettier",
            "solc=C:\\Users\\Bart\\AppData\\Roaming\\npm\\node_modules/solc",
            "solhint-plugin-prettier=C:\\Users\\Bart\\AppData\\Roaming\\npm\\node_modules/solhint-plugin-prettier",
            "solhint=C:\\Users\\Bart\\AppData\\Roaming\\npm\\node_modules/solhint",
            "solidity-coverage=C:\\Users\\Bart\\AppData\\Roaming\\npm\\node_modules/solidity-coverage"
        ],
        "packages_path": "C:\\Users\\Bart\\AppData\\Roaming\\npm\\node_modules",
        "path": "C:\\Users\\Bart\\Documents\\GitHub\\BoringSolidity\\contracts",
        "process": "emv",
        "queue_wait_minutes": null,
        "rule": null,
        "settings": null,
        "solc": "C:/Program Files (x86)/solc/solc.exe",
        "solc_args": null,
        "solc_map": null,
        "spec_files": [
            "test/certora/BoringMath.spec"
        ],
        "staging": null,
        "struct_link": null,
        "tool_output": null,
        "verify": [
            "MockBoringMath:test/certora/BoringMath.spec"
        ]
    },
    "branch": "master",
    "cwd_relative": ".",
    "dirty": true,
    "origin": "https://github.com/boringcrypto/BoringSolidity.git",
    "raw_args": [
        "C:\\Users\\Bart\\AppData\\Local\\Packages\\PythonSoftwareFoundation.Python.3.9_qbz5n2kfra8p0\\LocalCache\\local-packages\\Python39\\Scripts\\certoraRun",
        "contracts/mocks/MockBoringMath.sol",
        "--verify",
        "MockBoringMath:test/certora/BoringMath.spec"
    ],
    "revision": "75db713d3a6790a79fd47b5d8877552d79d56116"
}